﻿sku;stock;currency;price;title;manufacturer;msku;ean;egId;lwg1;availability;weight;width;depth;height;externalStock
100008;10;EUR;15.12;Logilink USB-HUB 13-Port m. Netzteil schwarz Kunststoff;Logilink;UA0126;4052792006902;84718000;HUBs;instock;295;137;207;74;0
100012;0;EUR;6.95;DELOCK DVI Adapter DVI(24+1) -> 2x DVI(24+1) St/Bu;Delock;65051;4043619650514;84718000;DVI-Adapter;outofstock;180;115;215;40;150
100034;0;EUR;20.24;Pelikan Toner HP CE320X 1227b Schwarz rebuilt;Pelikan Printing;4214034;4018474214034;84439990;Toner HP;limitedavailability;880;130;360;180;0
100035;12;EUR;17.51;Pelikan Toner HP CE321A 1227c cyan rebuilt;Pelikan Printing;4214041;4018474214041;84439990;Toner HP;instock;873;180;355;130;0
100036;0;EUR;17.51;Pelikan Toner HP CE322A 1227y yellow rebuilt;Pelikan Printing;4214065;4018474214065;84439990;Toner HP;limitedavailability;873;180;355;130;0
