Item No.;Manufacturer Part No;Brand Name;Description;Web Category Name;Web Category Tree;Item Product Link (Web);Web Picture URL;Customers Price;Home stock;Remote stock;Incoming Date;Incoming Qty;EAN/UPC;Icecat ID;Duty Amount;Gross Weight (Package, kg);Net Weight (Product, kg);Height (Product, cm);Width (Product, cm);Depth (Product, cm);Height (Package, cm);Width (Package, cm);Depth (Package, cm)
W128994249;N99016-141;HP;SPS-TOP COVER W/KB FTBT CP SR ;Andere Notebook-Ersatzteile;Server-, Computer- und Druckerersatzteile>Notebooks & Ersatzteile>Andere Notebook-Ersatzteile;https://www.eetgroup.com/de-at/itemId?itemid=W128994249;;94;0;0;;0;;0;0;0,55;0,5;0;0;0;0;0;0
W128994248;N99016-BG1;HP;SPS-TOP COVER W/KB FTBT CP SR ;Andere Notebook-Ersatzteile;Server-, Computer- und Druckerersatzteile>Notebooks & Ersatzteile>Andere Notebook-Ersatzteile;https://www.eetgroup.com/de-at/itemId?itemid=W128994248;;94;0;0;;0;;0;0;0,55;0,5;0;0;0;0;0;0
W128994247;N99016-071;HP;SPS-TOP COVER W/KB FTBT CP SR ;Andere Notebook-Ersatzteile;Server-, Computer- und Druckerersatzteile>Notebooks & Ersatzteile>Andere Notebook-Ersatzteile;https://www.eetgroup.com/de-at/itemId?itemid=W128994247;;94;0;0;;0;;0;0;0,55;0,5;0;0;0;0;0;0
W128994246;N99016-BA1;HP;SPS-TOP COVER W/KB FTBT CP SR ;Andere Notebook-Ersatzteile;Server-, Computer- und Druckerersatzteile>Notebooks & Ersatzteile>Andere Notebook-Ersatzteile;https://www.eetgroup.com/de-at/itemId?itemid=W128994246;;94;0;0;;0;;0;0;0,55;0,5;0;0;0;0;0;0
W128994245;N99016-B71;HP;SPS-TOP COVER W/KB FTBT CP SR ;Andere Notebook-Ersatzteile;Server-, Computer- und Druckerersatzteile>Notebooks & Ersatzteile>Andere Notebook-Ersatzteile;https://www.eetgroup.com/de-at/itemId?itemid=W128994245;;94;0;0;;0;;0;0;0,55;0,5;0;0;0;0;0;0
