Item.Id;Variation.Id;Item.Hersteller;Item.VarNummer;Item.Modellnummer;Item.Name;Item.Beschreibung;Item.Hauptbild;Item.AlleBilder;Item.DeepLink;Item.Intervallbestellmenge;Item.NettoGewicht;Item.BreiteMM;Item.LaengeMM;Item.HoeheMM;Item.Verfuegbarkeit;Item.EAN;Item.Preis(netto);Item.alleKategorien;Item.freierBestand
356994;46531;Aurora;AUR60995;AUR60995;Zog der Drache Plüschtier ca. 25 cm - Plüschfigur;"<p>Aurora 60995 - Zog der Drache Plüschtier ca. 25 cm</p> <ul>	<li>Größe: ca. 25&nbsp;cm</li>	<li>Material: 100 % Plüsch</li>	<li>Farbe: Orange</li></ul> <p>Für dieses Produkt gibt es folgende Warnhinweise:<br>Achtung! Nicht für Kinder unter 36 Monaten geeignet<br>Achtung! Benutzung unter unmittelbarer Aufsicht von Erwachsenen<br>Achtung! Enthält Kleinteile. Vorsicht Erstickungsgefahr!</p> <p>Schlagwort: Aurora World Großhandel - Toys and more Wholesale</p>";https://cdn02.plentymarkets.com/8g1j1xorqt9q/item/images/356994/full/356994-Zog-.jpg;"https://cdn02.plentymarkets.com/8g1j1xorqt9q/item/images/356994/full/356994-Zog-.jpg;0,";https://www.hl-grosshandel.com/aurora-60995-zog-23cm/a-356994;1;0;0;0;0;Auf Lager, lieferbar;5034566609952;13,8;Plüschfiguren, Stofftiere und mehr,Aurora,AUF LAGER  A-Z;9
409384;98921;Abysse;ABYFIG008;ABYFIG008;"ONE PIECE - Figur ""Monkey D. Luffy""";"<p>ONE PIECE - Figur ""Monkey D. Luffy""</p> <ul>	<li><span class=""VIiyi"" jsaction=""mouseup:BR6jm"" jsname=""jqKxS"" lang=""de""><span class=""JLqJ4b ChMk0b"" data-language-for-alternatives=""de"" data-language-to-translate-into=""en"" data-number-of-phrases=""24"" data-phrase-index=""11"" jsaction=""agoMJf:PFBcW;usxOmf:aWLT7;jhKsnd:P7O7bd,F8DmGf;Q4AGo:Gm7gYd,qAKMYb;uFUCPb:pvnm0e,pfE8Hb,PFBcW;f56efd:dJXsye;EnoYf:KNzws,ZJsZZ,JgVSJc;zdMJQc:cCQNKb,ZJsZZ,zchEXc;Ytrrj:JJDvdc;tNR8yc:GeFvjb;oFN6Ye:hij5Wb;bmeZHc:iURhpf;Oxj3Xe:qAKMYb,yaf12d"" jscontroller=""Zl5N8"" jsdata=""uqLsIf;_;$493"" jsmodel=""SsMkhd"" jsname=""txFAF""><span class=""Q4iAWc"" jsaction=""click:qtZ4nf,GFf3ac,tMZCfe; contextmenu:Nqw7Te,QP7LD; mouseout:Nqw7Te; mouseover:qtZ4nf,c2aHje"" jsname=""W297wb"">Figur aus PVC</span></span><span class=""JLqJ4b"" data-language-for-alternatives=""de"" data-language-to-translate-into=""en"" data-number-of-phrases=""24"" data-phrase-index=""12"" jsaction=""agoMJf:PFBcW;usxOmf:aWLT7;jhKsnd:P7O7bd,F8DmGf;Q4AGo:Gm7gYd,qAKMYb;uFUCPb:pvnm0e,pfE8Hb,PFBcW;f56efd:dJXsye;EnoYf:KNzws,ZJsZZ,JgVSJc;zdMJQc:cCQNKb,ZJsZZ,zchEXc;Ytrrj:JJDvdc;tNR8yc:GeFvjb;oFN6Ye:hij5Wb;bmeZHc:iURhpf;Oxj3Xe:qAKMYb,yaf12d"" jscontroller=""Zl5N8"" jsdata=""uqLsIf;_;$494"" jsmodel=""SsMkhd"" jsname=""txFAF""><span class=""Q4iAWc"" jsaction=""click:qtZ4nf,GFf3ac,tMZCfe; contextmenu:Nqw7Te,QP7LD; mouseout:Nqw7Te; mouseover:qtZ4nf,c2aHje"" jsname=""W297wb""> </span></span> </span></li>	<li><span class=""VIiyi"" jsaction=""mouseup:BR6jm"" jsname=""jqKxS"" lang=""de""><span class=""JLqJ4b ChMk0b"" data-language-for-alt";https://cdn02.plentymarkets.com/8g1j1xorqt9q/item/images/409384/full/409384-ONE-PIECE-Figur--Monkey-D--Luffy-.jpg;"https://cdn02.plentymarkets.com/8g1j1xorqt9q/item/images/409384/full/409384-ONE-PIECE-Figur--Monkey-D--Luffy-.jpg;0,https://cdn02.plentymarkets.com/8g1j1xorqt9q/item/images/409384/full/409384-ONE-PIECE-Figur--Monkey-D--Luffy-_1.jpg;1,";https://www.hl-grosshandel.com/one-piece-figur-monkey-d-luffy/a-409384;1;0;0;0;0;Auf Lager, lieferbar;3665361021155;20,44;Sammel- & Spielfiguren,Abystyle,AUF LAGER  A-Z,One Piece;2
319959;17895;Bullyland;BU12463;BU12463;Bullyland 12463 - Disney Die schöne und das Biest Spielfigur Biest, 10cm;"<p>Bullyland 12463 - Disney Die schöne und das Biest Spielfigur Biest, 10cm</p> <ul>	<li>Spielfigur</li>	<li>Motiv: Disney Die Schöne und das Biest - Biest</li>	<li>Größe: ca. 10 cm</li>	<li>hergestellt aus PVC - freiem Material</li>	<li>Liebevoll, naturgetreu und mit vielen Details von Hand bemalt</li></ul> <p>Achtung: Nicht für Kinder unter 36 Monaten geeignet<br>Achtung! Benutzung unter unmittelbarer Aufsicht von Erwachsenen<br>Achtung! Enthält Kleinteile. Vorsicht Erstickungsgefahr!</p> <p><br>Schlagwort: Bullyland / Bullyworld Großhandel<br>&nbsp;</p> <p>&nbsp;</p>";https://cdn02.plentymarkets.com/8g1j1xorqt9q/item/images/319959/full/319959.jpg;"https://cdn02.plentymarkets.com/8g1j1xorqt9q/item/images/319959/full/319959.jpg;0,";https://www.hl-grosshandel.com/die-schoene-und-das-biest-biest-spielfigur/a-319959;1;0;0;0;0;Auf Lager, lieferbar;4007176124635;6,09;Sammel- & Spielfiguren,Disney - Verschiedene,Bullyworld,AUF LAGER  A-Z;1
422586;112123;Clementoni;CL35137;CL35137;Clementoni 35137 - 500 Teile Puzzle - Premium Animé-Collection Geschenk-Box - One Piece;<p>Puzzle Legegröße / laying size: 49 x 36<br>Empfohlenes Alter / Recommended Age: 9 Jahre / years<br>Clementoni Puzzles bestechen durch Materialien in höchster Qualität, wunderschöne Bilder, exklusive Kollektionen, hochwertige Drucke, sowie Puzzleteile von präziser Passform. Eine kluge Produktionstechnik macht ein perfektes Ineinanderpassen möglich. Die PuzzleSortimente werden höchsten Ansprüchen gerecht und nicht zuletzt dadurch ist Clementoni in vielen Ländern Europas Marktführer.</p>;https://cdn02.plentymarkets.com/8g1j1xorqt9q/item/images/422586/full/422586-Clementoni-35134-500-Teile-Puzzle-Premium-Anime-Collection-Geschenk-Box-Dragon-Ball_1.jpg;"https://cdn02.plentymarkets.com/8g1j1xorqt9q/item/images/422586/full/422586-Clementoni-35134-500-Teile-Puzzle-Premium-Anime-Collection-Geschenk-Box-Dragon-Ball_1.jpg;1,";https://www.hl-grosshandel.com/spielzeug/puzzles/clementoni-35137-500-teile-puzzle-premium-anime-collection-geschenk-box-one-piece/a-422586;1;483;46;344;254;Lieferzeit ca. 14-16 Tage;8005125351374;6,99;Puzzles,Clementoni,AUF LAGER  A-Z,One Piece;0
364612;54149;Clementoni;CL39411.1;CL39411.1;Impossible Puzzle - 1000 Teile Puzzle - Marvel Universe;<ul>	<li>Legegröße Puzzle in cm: 69,00 x 50,00</li>	<li><b>Altersangabe ab (Jahren):</b> 9</li></ul> <p>Für dieses Produkt gibt es folgende Warnhinweise:<br>Achtung! Nicht für Kinder unter 36 Monaten geeignet<br>Achtung! Benutzung unter unmittelbarer Aufsicht von Erwachsenen<br>Achtung! Enthält Kleinteile. Vorsicht Erstickungsgefahr!</p> <p>Schlagwort: Clementoni Grosshandel - Toys and more Wholesale</p>;https://cdn02.plentymarkets.com/8g1j1xorqt9q/item/images/364612/full/364612-Impossible-Puzzle-1000-Teile-Puzzle-Marvel-Universe.jpg;"https://cdn02.plentymarkets.com/8g1j1xorqt9q/item/images/364612/full/364612-Impossible-Puzzle-1000-Teile-Puzzle-Marvel-Universe.jpg;0,";https://www.hl-grosshandel.com/impossible-puzzle-1000-teile-puzzle-marvel-universe/a-364612;1;941;370;58;281;Auf Lager, lieferbar;8005125394111;7,99;Puzzles,Marvel & DC Helden,Avengers,Clementoni,AUF LAGER  A-Z,Avengers;22
