GRUPPE1;GRUPPE2;GRUPPE3;HERSTELLER;ARTIKEL_NR;KitSKUs;HSTNUMMER;ARTIKEL1;ARTIKEL2;FVERSION;FSYSTEM;FSPRACHE;FFORMAT;FBUS;FGARANTIE;EVP;EK;AKTIONPR;AKTBIS;AKTION;VerfuegbarKZ;Vmenge;VReserve;HReserve;VDatum;VEta;Nachfolger;DATENBLATT1;BILD1;ERFDAT;EANCode;UPCCode;Hoehe;Breite;Laenge;Gewicht;Rang;Stck_Kart;Stck_Pal;Storno;EClass50;EClass70;UNSPC;INTRASTAT;CatalogID;Mwst;ArtikelTyp;ReverseCharge;IcecatID;IcecatType;IcecatUpdate;CustPartNbr
Power Protection;Power Equipment Accs;;ONLINE;320045;;KG10A3SCH;SCHUKO-ADAPTER;10A 3X;;NMS;NS;ACCS;;;24;6,92;0;;;A;8;0;0;15.01.2025 05:08:57;16.01.2025 00:00:00; ;https://at.ingrammicro.eu/content/pdf/0320045.pdf;https://at.ingrammicro.eu/content/jpg/0320045.jpg;;4026908001297;;0,06;0,1;0,21;0,26;;20;20;Y;;19069290;;85044030;10016100;0,2;ACCS;;1623393;O;05.12.2024 00:59:24;
Power Protection;Power Equipment Accs;;ONLINE;320046;;KG16A3SCH;SCHUKO-ADAPTER;16A 3X;;NMS;NS;ACCS;;;28;15,73;0;;;A;2;0;0;15.01.2025 05:08:57;; ;https://at.ingrammicro.eu/content/pdf/0320046.pdf;https://at.ingrammicro.eu/content/jpg/0320046.jpg;;4026908001303;;0,05;0,15;0,22;0,32;;20;20;Y;;19069290;;85044030;10016100;0,2;ACCS;;1623392;O;05.12.2024 00:52:10;
Power Protection;Power Equipment Accs;;ONLINE;320053;;DW7SNMP20;NETWORK MANAGEMENT CARD BASIC;LAN/SNMP EXTERNAL BOX;;NMS;NS;ACCS;;;311;350,04;0;;;S;0;0;0;15.01.2025 05:08:57;; ;https://at.ingrammicro.eu/content/pdf/0320053.pdf;https://at.ingrammicro.eu/content/jpg/0320053.jpg;;4026908001525;;0,07;0,2;0,24;0,43;;9998;0;N;;19069290;;84733020;10016100;0,2;ACCS;;8511597;O;05.12.2024 02:04:31;
Power Protection;Power Equipment Accs;;ONLINE;320054;;DW7SNMP30;NETWORK MANAGEMENT CARD BASIC;LAN/SNMP INTERFACE-SLOT;;NMS;NS;ACCS;;;297;224,71;0;;;N;0;0;0;15.01.2025 05:08:57;16.01.2025 00:00:00; ;;;;4026908001532;;0,05;0,2;0,23;0,34;;9998;0;Y;;19069290;;84733020;10016100;0,2;ACCS;;8511598;O;05.12.2024 02:04:35;
Accessories;Mounting Hardware;;ONLINE;320055;;RACK-KIT;RAIL SET;F/ XANTO SR ACCU PACK ZINTO DR;;NMS;NS;ACCS;;;112,7;66,74;0;;;A;8;0;0;15.01.2025 05:08:57;; ;https://at.ingrammicro.eu/content/pdf/0320055.pdf;https://at.ingrammicro.eu/content/jpg/0320055.jpg;;4026908001440;;0,07;0,1;0,51;1,59;;0;48;Y;;19149290;;85177090;10111600;0,2;ACCS;;;;;
