artnr;herstnr;artname;hersteller;hersturl;ean;hek;vkbrutto;verfuegbar;menge;eta;indate;gewicht;eol;kat1;kat2;kat3;kat4;kat5;kat6
102956;920-008669;Logitech K280e Keyboard for Business DE - Tastatur - USB black QWERTZ DE;Logitech;;5099206076679;12,7;16,66;V;97;;2018-03-20;1,04;0;Eingabegeräte;Tastaturen;;;;
102991;TL-WR902AC;TP-LINK TL-WR902AC - AC750 Mini Pocket Wi-Fi Router;TP-Link;;6935364095666;23,72;29,75;A;300;;2018-03-22;0,257;0;Netzwerk;Router;;;;
103067;IB-MSA103-VM;ICY BOX IB-MSA103-VM Intel NUC Halterung für Monitorständer mit VESA 75x75/100x100 Unterstützung;ICY BOX;;4250078165972;4,55;5,95;V;25;;2018-03-28;0,58;0;Displays;Display Zubehör;;;;
103095;SU885A;Samsung HP Toner SU885A ehm. MLT-D203E Schwarz bis zu 10.000 Seiten;HP;;191628482498;135;172,55;V;5;;2018-03-29;1,78;0;Verbrauchsmaterialien;Toner;;;;
103143;SNK-P0068APS4;K Cooler Server SUPERMICRO SNK-P0068APS4;Super Micro;;672042286294;40,9;53,55;V;3;;2018-04-05;0,6;0;CPUs;CPU Kühler & Zubehör;;;;
